"gene","combined_pval","adjusted_pval_BY"
"Ttr_0",0.313527672559737,1
"S100a5_0",0.600005674071574,1
"Cck_0",0.0840841750346684,0.623944026844597
"Nrgn_0",0.133827566534722,0.985305021628212
"Slc17a7_0",0.574425747851297,1
"Ppp1r1b_0",0.777842168196163,1
"Gpr88_0",0.880390199820323,1
"Penk_0",0.835365285189404,1
"Pcp4_0",0.671456553722053,1
"Olfm1_0",0.931440844399723,1
"Camk2n1_0",0.425940768542821,1
"Mbp_0",0.732168801519539,1
"Gng4_0",0.036263940814945,0.273400981338449
"Nptxr_0",0.0235692126608622,0.179125936780036
"Pde10a_0",0.645461558550695,1
"Calb2_0",0.655899104819427,1
"Vsnl1_0",0.20040564394518,1
"Snap25_0",0.213966329171128,1
"Doc2g_0",0.804946375273331,1
"Pde1b_0",0.787027260605421,1
"1110008P14Rik_0",0.994753847118991,1
"Rgs9_0",0.557930606157838,1
"3110035E14Rik_0",0.18849072003723,1
"Hpca_0",0.888029001803264,1
"Camk2a_0",0.114694090065119,0.847746372865817
"Enpp2_0",0.699248784858544,1
"Tac1_0",0.637498479015557,1
"Nrn1_0",0.699271551214114,1
"Scn4b_0",0.94880072008611,1
"Cdhr1_0",0.848436208855233,1
"Arpp21_0",0.898982967797672,1
"Pcp4l1_0",0.28554247343268,1
"Ppp3ca_0",0.489013943952946,1
"Adora2a_0",0.518786923385797,1
"Bc1_0",0.0635906955415789,0.475617816669286
"Fabp7_0",0.876252064964704,1
"Clstn1_0",0.208760695645723,1
"Scn1b_0",0.209775115794804,1
"Mobp_0",0.338270695479143,1
"Tubb2a_0",0.489554749812645,1
"Lingo1_0",0.317142549674506,1
"Omp_0",0.491340025075838,1
"Lrrc10b_0",0.398334202699108,1
"Adcy5_0",0.621903011338618,1
"6330403K07Rik_0",0.0318400974675893,0.241012807596192
"Drd2_0",0.911037358939924,1
"Stx1a_0",0.299714126896006,1
"Hap1_0",0.224850018159348,1
"Arpp19_0",0.597536849857236,1
"Rasd2_0",0.854175624597246,1
"Ttr_0.2",0.143400222308838,1
"S100a5_0.2",2.46315110370432e-05,0.000199250864433
"Cck_0.2",1.02007957636374e-10,9.7103289537147e-10
"Nrgn_0.2",3.69867692029402e-10,3.4682901331386e-09
"Slc17a7_0.2",0.000165872753539409,0.00130265344673483
"Ppp1r1b_0.2",1.95748208753344e-08,1.76529215421238e-07
"Gpr88_0.2",1.14787377761827e-05,9.40657189798075e-05
"Penk_0.2",3.46962032216069e-07,2.98609017484824e-06
"Pcp4_0.2",7.81591427134742e-08,6.88384518001568e-07
"Olfm1_0.2",2.02748085431637e-05,0.000164715268078606
"Camk2n1_0.2",4.56571003226713e-10,4.23913618339593e-09
"Mbp_0.2",4.24680160823199e-05,0.000339168140730978
"Gng4_0.2",4.34097202628436e-14,4.26138564920739e-13
"Nptxr_0.2",1.00293424676323e-06,8.40146502193966e-06
"Pde10a_0.2",1.85350979009513e-09,1.71249691323709e-08
"Calb2_0.2",1.44082523689804e-11,1.39264933441281e-10
"Vsnl1_0.2",4.02491904250013e-07,3.44825638492435e-06
"Snap25_0.2",7.48526440300656e-05,0.000592782356713373
"Doc2g_0.2",0.00312842883354425,0.0239693497982878
"Pde1b_0.2",4.91143841374608e-07,4.18872172701692e-06
"1110008P14Rik_0.2",3.4636349344197e-09,3.16905642189644e-08
"Rgs9_0.2",1.56078361346346e-08,1.41430944710628e-07
"3110035E14Rik_0.2",6.38277763975736e-09,5.81171688888216e-08
"Hpca_0.2",2.46561100358811e-06,2.03823752567263e-05
"Camk2a_0.2",1.34689139397182e-07,1.18075338301297e-06
"Enpp2_0.2",0.0822499656962745,0.612745717750028
"Tac1_0.2",8.58534334291505e-07,7.2239499804244e-06
"Nrn1_0.2",3.44578237434501e-05,0.00027636628675749
"Scn4b_0.2",1.09477760190657e-10,1.03690246680291e-09
"Cdhr1_0.2",5.11976714182572e-05,0.000407161722753071
"Arpp21_0.2",1.59505859076425e-07,1.39183569377167e-06
"Pcp4l1_0.2",0.000150752333533788,0.00118886139007982
"Ppp3ca_0.2",2.4683518584645e-07,2.13410436674932e-06
"Adora2a_0.2",2.80135555835725e-05,0.000225640710030351
"Bc1_0.2",3.15498738245878e-11,3.01853684323469e-10
"Fabp7_0.2",7.36232257159131e-07,6.22264548371979e-06
"Clstn1_0.2",1.8499574953923e-05,0.000150943651121955
"Scn1b_0.2",1.42292204929895e-06,1.18669127835561e-05
"Mobp_0.2",0.00126042227882484,0.00969650145930316
"Tubb2a_0.2",0.0441374523956937,0.331435192750833
"Lingo1_0.2",4.8579711833252e-06,3.99838429061307e-05
"Omp_0.2",0.00120481665484728,0.009306710753843
"Lrrc10b_0.2",3.44239339256092e-08,3.08962866131773e-07
"Adcy5_0.2",1.79233167862947e-07,1.55676739615326e-06
"6330403K07Rik_0.2",0.00668447435115804,0.0510076585807398
"Drd2_0.2",1.63229545591115e-06,1.35530797834757e-05
"Stx1a_0.2",7.19728540543585e-07,6.11055743958629e-06
"Hap1_0.2",0.000646098699408792,0.00501138390356063
"Arpp19_0.2",5.96279061682026e-08,5.30125602369133e-07
"Rasd2_0.2",7.58990073013166e-08,6.71616833412071e-07
"Ttr_0.4",0.000633452070629037,0.0049335947653413
"S100a5_0.4",2.68520863708175e-20,2.75058641009703e-19
"Cck_0.4",1.61057613314936e-39,2.09352589618136e-38
"Nrgn_0.4",4.9429293749675e-37,6.21095276939595e-36
"Slc17a7_0.4",8.93821640192873e-19,8.96103340574971e-18
"Ppp1r1b_0.4",2.25782493571758e-42,3.03967610821551e-41
"Gpr88_0.4",6.6999852637009e-47,9.78924544530061e-46
"Penk_0.4",7.82519513542003e-25,8.28591081465148e-24
"Pcp4_0.4",3.85953765407577e-36,4.81751877097703e-35
"Olfm1_0.4",1.75592873574715e-12,1.70596547079256e-11
"Camk2n1_0.4",1.17157079402946e-33,1.40648130780815e-32
"Mbp_0.4",8.87954829869222e-22,9.24650011650307e-21
"Gng4_0.4",2.4669865497749e-51,3.84278858416251e-50
"Nptxr_0.4",5.7056347384109e-25,6.07569242121971e-24
"Pde10a_0.4",1.07571175078035e-39,1.41783259347722e-38
"Calb2_0.4",2.58805928898171e-50,3.93384837458685e-49
"Vsnl1_0.4",9.001382526212e-26,9.75045877072263e-25
"Snap25_0.4",4.81836792687318e-14,4.7055211610611e-13
"Doc2g_0.4",1.4157963109376e-39,1.85311923845602e-38
"Pde1b_0.4",4.49013910233231e-36,5.56777001758098e-35
"1110008P14Rik_0.4",1.09356775870286e-31,1.28822224842422e-30
"Rgs9_0.4",1.23021078685181e-42,1.66812968540476e-41
"3110035E14Rik_0.4",1.37429356582572e-29,1.56040202655565e-28
"Hpca_0.4",2.64815186066198e-22,2.77290800742149e-21
"Camk2a_0.4",4.47150541504473e-27,4.92859044941495e-26
"Enpp2_0.4",0.00033042533221761,0.00258417174256374
"Tac1_0.4",2.20231041143329e-25,2.37195018430619e-24
"Nrn1_0.4",1.45962671622937e-20,1.50333508996303e-19
"Scn4b_0.4",2.5677181423922e-44,3.61166642417848e-43
"Cdhr1_0.4",1.37293988902903e-31,1.6072769907997e-30
"Arpp21_0.4",6.28192961404723e-31,7.26391146345246e-30
"Pcp4l1_0.4",6.0584069662059e-29,6.83765292552157e-28
"Ppp3ca_0.4",1.49895201124423e-26,1.64257180104879e-25
"Adora2a_0.4",1.20789322457234e-34,1.47833515583359e-33
"Bc1_0.4",1.55495820187755e-30,1.78706336530089e-29
"Fabp7_0.4",1.22776547033563e-35,1.51247799489345e-34
"Clstn1_0.4",3.46721987575704e-25,3.71307563837647e-24
"Scn1b_0.4",1.5166859587566e-24,1.59701029455377e-23
"Mobp_0.4",2.90588616031823e-18,2.88263779258319e-17
"Tubb2a_0.4",2.66453525910038e-14,2.62937896808394e-13
"Lingo1_0.4",7.8726849405187e-21,8.15298351375407e-20
"Omp_0.4",9.41856631547996e-20,9.54414296685025e-19
"Lrrc10b_0.4",5.03223076731964e-31,5.85478045910573e-30
"Adcy5_0.4",4.45477281382336e-44,6.08431309833657e-43
"6330403K07Rik_0.4",2.04935313163901e-09,1.88420442411616e-08
"Drd2_0.4",1.75403715847505e-30,2.00364107277353e-29
"Stx1a_0.4",7.18999791106081e-28,8.01875861099123e-27
"Hap1_0.4",5.52529748855242e-20,5.62923031771424e-19
"Arpp19_0.4",3.22649331117194e-44,4.47267707311361e-43
"Rasd2_0.4",1.11904940734144e-37,1.43481863097442e-36
"Ttr_0.6",4.07968396842762e-08,3.64425826229533e-07
"S100a5_0.6",2.87571302015141e-51,4.44273893159318e-50
"Cck_0.6",1.81675238319333e-73,3.80468152577892e-72
"Nrgn_0.6",1.54177321721815e-64,2.82129404954262e-63
"Slc17a7_0.6",4.53369095639555e-32,5.37427479550695e-31
"Ppp1r1b_0.6",2.08541860671257e-104,8.54477227545496e-103
"Gpr88_0.6",1.45839667095511e-89,4.43352391343164e-88
"Penk_0.6",1.5216254656418e-55,2.5157529874557e-54
"Pcp4_0.6",5.89568652922669e-88,1.65853508089885e-86
"Olfm1_0.6",3.93089717299781e-27,4.35820688575849e-26
"Camk2n1_0.6",2.17617311231565e-80,5.00201129635041e-79
"Mbp_0.6",4.7328813305141e-55,7.6901127374909e-54
"Gng4_0.6",2.31021417612853e-121,1.61269990667984e-119
"Nptxr_0.6",2.48367793538071e-46,3.57346114234655e-45
"Pde10a_0.6",1.97859292865827e-90,6.32076321696474e-89
"Calb2_0.6",8.84225867449491e-126,6.66635270334169e-124
"Vsnl1_0.6",3.95220954941366e-69,7.67950644849773e-68
"Snap25_0.6",1.18048327851231e-37,1.5033607409203e-36
"Doc2g_0.6",1.25070652513938e-84,3.18558190960057e-83
"Pde1b_0.6",9.68287818443063e-86,2.53476120944427e-84
"1110008P14Rik_0.6",5.75700183353627e-61,1.00470298551045e-59
"Rgs9_0.6",1.50539377435182e-86,4.11212308336865e-85
"3110035E14Rik_0.6",8.47635771536777e-62,1.52154589870969e-60
"Hpca_0.6",2.07201244071784e-49,3.09946612400695e-48
"Camk2a_0.6",7.71115197520478e-59,1.30936691865187e-57
"Enpp2_0.6",1.38746902855758e-10,1.30755023261294e-09
"Tac1_0.6",5.33326339106927e-50,8.04170430508669e-49
"Nrn1_0.6",4.1314580390746e-34,5.02385074743232e-33
"Scn4b_0.6",5.85437999195303e-88,1.65853508089885e-86
"Cdhr1_0.6",1.31011745251597e-75,2.87128869693212e-74
"Arpp21_0.6",6.04679718889174e-68,1.1396998287044e-66
"Pcp4l1_0.6",8.09262411579635e-70,1.62265650731344e-68
"Ppp3ca_0.6",4.65048705951612e-63,8.42810973306409e-62
"Adora2a_0.6",2.33308538492543e-61,4.10971718061467e-60
"Bc1_0.6",1.77997955076586e-71,3.64663474932665e-70
"Fabp7_0.6",2.71679945379124e-83,6.79647651875477e-82
"Clstn1_0.6",1.39506671474621e-59,2.41231245670021e-58
"Scn1b_0.6",9.45996311689441e-52,1.48584421458695e-50
"Mobp_0.6",2.99440507596265e-40,4.00273204547575e-39
"Tubb2a_0.6",9.34064784729017e-33,1.11425602877406e-31
"Lingo1_0.6",7.39012984682091e-46,1.04728650810553e-44
"Omp_0.6",8.85893121882864e-29,9.93887271189149e-28
"Lrrc10b_0.6",1.9805694819982e-72,4.10217110339788e-71
"Adcy5_0.6",5.01220478111245e-81,1.18087492271099e-79
"6330403K07Rik_0.6",3.11838473689084e-26,3.39741557537712e-25
"Drd2_0.6",2.56089057096308e-59,4.38796764316072e-58
"Stx1a_0.6",5.45812999738085e-48,8.03709285668529e-47
"Hap1_0.6",1.45324632468922e-53,2.32125208304312e-52
"Arpp19_0.6",5.45783538847282e-94,2.01704383881051e-92
"Rasd2_0.6",8.49241486368018e-85,2.19267074468063e-83
"Ttr_0.8",4.24565937962029e-10,3.96149269788048e-09
"S100a5_0.8",1.63748538271629e-68,3.11750614197275e-67
"Cck_0.8",4.68562349482294e-113,2.67619977160062e-111
"Nrgn_0.8",1.55906705105366e-103,6.252187818268e-102
"Slc17a7_0.8",7.12382401932835e-46,1.01719526945101e-44
"Ppp1r1b_0.8",7.40801713529951e-135,8.21330853186813e-133
"Gpr88_0.8",2.05352366802146e-126,1.61269987205232e-124
"Penk_0.8",4.55002262367226e-70,9.22137509428751e-69
"Pcp4_0.8",7.46334279363411e-128,6.11604446032939e-126
"Olfm1_0.8",2.41104808430696e-37,3.04989356636389e-36
"Camk2n1_0.8",5.06259716830934e-110,2.44666125921874e-108
"Mbp_0.8",2.74051594072512e-83,6.79647651875477e-82
"Gng4_0.8",4.5191316197549e-161,2.12941387483151e-158
"Nptxr_0.8",1.12382586043353e-61,1.99828871917706e-60
"Pde10a_0.8",1.52713277728554e-130,1.30833571912818e-128
"Calb2_0.8",1.93216478682814e-150,4.55217821887191e-148
"Vsnl1_0.8",1.01348240062551e-90,3.29346686468749e-89
"Snap25_0.8",5.21287582594371e-52,8.2564907556663e-51
"Doc2g_0.8",5.76821325599676e-103,2.26498406733223e-101
"Pde1b_0.8",5.4016209403347e-121,3.63606094038324e-119
"1110008P14Rik_0.8",8.33404417767031e-90,2.57508188517392e-88
"Rgs9_0.8",1.36537505161326e-113,8.04205548734317e-112
"3110035E14Rik_0.8",3.84648859448288e-82,9.17703606020566e-81
"Hpca_0.8",7.48529104199998e-86,1.98708032379307e-84
"Camk2a_0.8",5.47994376598784e-81,1.27513499128312e-79
"Enpp2_0.8",2.659147314893e-19,2.68019178411877e-18
"Tac1_0.8",1.64746068204821e-75,3.52855967772201e-74
"Nrn1_0.8",3.22731510886033e-44,4.47267707311361e-43
"Scn4b_0.8",9.15158506672912e-137,1.14992665892455e-134
"Cdhr1_0.8",1.41355040400787e-110,7.01120689440238e-109
"Arpp21_0.8",1.03318625926794e-105,4.42579226776668e-104
"Pcp4l1_0.8",4.35223589034682e-89,1.28173290125743e-87
"Ppp3ca_0.8",3.62146963421834e-89,1.08345126021452e-87
"Adora2a_0.8",1.67124696411849e-92,5.72720887446951e-91
"Bc1_0.8",1.56827592865937e-99,5.91177031879882e-98
"Fabp7_0.8",2.11396772248729e-118,1.28529180524418e-116
"Clstn1_0.8",1.79205619575387e-88,5.19640926116759e-87
"Scn1b_0.8",2.77836054547693e-67,5.18480359767835e-66
"Mobp_0.8",1.25352651300227e-64,2.31631933712857e-63
"Tubb2a_0.8",2.28094829742287e-46,3.30702264947291e-45
"Lingo1_0.8",7.97067117636499e-59,1.34134949736141e-57
"Omp_0.8",3.35036067242483e-44,4.60931167502616e-43
"Lrrc10b_0.8",3.02097898093212e-105,1.26531970177641e-103
"Adcy5_0.8",2.53521706448639e-119,1.59279166797676e-117
"6330403K07Rik_0.8",1.06469297481088e-33,1.28636694162556e-32
"Drd2_0.8",7.44778734409511e-83,1.80842658549426e-81
"Stx1a_0.8",1.9824800663166e-74,4.19840086721159e-73
"Hap1_0.8",8.3987758804008e-78,1.88452449509017e-76
"Arpp19_0.8",5.29486900264647e-146,9.97976467015334e-144
"Rasd2_0.8",4.57640582920619e-124,3.31754072362452e-122
"Ttr_1",1.74075198700052e-11,1.6739632091767e-10
"S100a5_1",1.57366852901942e-75,3.40925187132218e-74
"Cck_1",9.17562860518003e-112,4.80394920140063e-110
"Nrgn_1",3.77433834121451e-108,1.73509018305205e-106
"Slc17a7_1",1.06679845680987e-50,1.63471612979479e-49
"Ppp1r1b_1",9.80027503666982e-153,3.07859169949432e-150
"Gpr88_1",3.13680220323231e-132,2.81535341455593e-130
"Penk_1",1.05068347238513e-78,2.38593654274039e-77
"Pcp4_1",1.38282008805139e-152,3.72334020863702e-150
"Olfm1_1",7.23818665597227e-39,9.34419736897455e-38
"Camk2n1_1",3.07452995154275e-120,1.99823154573689e-118
"Mbp_1",4.88240948529948e-93,1.73629458804468e-91
"Gng4_1",2.36378387537296e-181,4.45525787239202e-178
"Nptxr_1",6.73962187203119e-69,1.29620751741695e-67
"Pde10a_1",2.04934440896433e-143,2.9712327914986e-141
"Calb2_1",7.05824220447922e-176,6.65168450347307e-173
"Vsnl1_1",7.08939618906727e-103,2.72695673695016e-101
"Snap25_1",4.19004642767691e-55,6.86730087337661e-54
"Doc2g_1",1.29527243448182e-135,1.52583025111247e-133
"Pde1b_1",6.12926098546216e-134,6.418014434382e-132
"1110008P14Rik_1",6.78463154508049e-94,2.4591668970818e-92
"Rgs9_1",1.33713415070641e-133,1.32643648922497e-131
"3110035E14Rik_1",7.48394186266881e-83,1.80842658549426e-81
"Hpca_1",7.23040790014912e-93,2.52367903078328e-91
"Camk2a_1",5.02111679548503e-90,1.57729945648795e-88
"Enpp2_1",2.01326315658433e-18,2.00772312943018e-17
"Tac1_1",2.17638418576396e-87,6.03242219715628e-86
"Nrn1_1",5.48287266614052e-49,8.13709749445099e-48
"Scn4b_1",6.48209964361845e-156,2.44349119796784e-153
"Cdhr1_1",2.2917290093537e-139,3.08532065796451e-137
"Arpp21_1",1.8170088917513e-112,9.7848481151905e-111
"Pcp4l1_1",2.51633346850699e-108,1.18569580450332e-106
"Ppp3ca_1",6.76612653026631e-108,2.96576502985398e-106
"Adora2a_1",2.1229954249152e-111,1.08146486547209e-109
"Bc1_1",5.83590568316935e-108,2.61893098889162e-106
"Fabp7_1",4.48764444948627e-144,7.04859042260349e-142
"Clstn1_1",2.55754935753398e-92,8.60797659142602e-91
"Scn1b_1",3.63874640303916e-77,8.06859550445079e-76
"Mobp_1",2.02275333659244e-69,4.01314083996777e-68
"Tubb2a_1",7.79423061160717e-55,1.25560336251972e-53
"Lingo1_1",2.88046357444428e-69,5.65530764302484e-68
"Omp_1",8.5974900174293e-57,1.43403026532049e-55
"Lrrc10b_1",1.73547287429279e-132,1.63550891138383e-130
"Adcy5_1",4.28642905781608e-146,8.9767310056691e-144
"6330403K07Rik_1",7.49597443039115e-40,9.94958192988741e-39
"Drd2_1",5.75118209431856e-113,3.18818329526475e-111
"Stx1a_1",4.42900195680741e-86,1.19253988370613e-84
"Hap1_1",1.85100773497537e-91,6.12066286246567e-90
"Arpp19_1",6.26590073299073e-175,3.9366548212703e-172
"Rasd2_1",8.99052802176564e-145,1.54048542728639e-142
